case_name,case_dir,signal_path,gt_json,model_id,pred_MD,gt_MD,abs_err_MD,rel_err_MD,pred_FA,gt_FA,abs_err_FA,rel_err_FA,pred_uFA,gt_uFA,abs_err_uFA,rel_err_uFA,pred_C_c,gt_C_c,abs_err_C_c,rel_err_C_c,pred_C_MD,gt_C_MD,abs_err_C_MD,rel_err_C_MD
crossing_needles_2,C:\SynQTI-IR\data\Results_2_MLP\crossing_needles_2\crossing_needles_2,C:\SynQTI-IR\data\Results_2_MLP\crossing_needles_2\crossing_needles_2\crossing_needles_2__crossing_needles_2_exact.nii,C:\SynQTI-IR\data\Results_2_MLP\crossing_needles_2\crossing_needles_2\crossing_needles_2__crossing_needles_2__GT_params.json,QTI_MLP_16P_sub_min_case_m_ENSAVG_18,0.7845259308815002,0.6333333333333333,0.15119259754816694,0.23872515402304456,0.6201992630958557,0.626608359990366,0.006409096894510302,0.01022823393961519,0.9343347549438477,0.9379366108168786,0.003601855873030968,0.003840191150967183,0.44626733660697937,0.4463190184049082,5.168179792880423e-05,0.00011579564346908882,0.001478907186537981,-1.2003718489948148e-16,0.0014789071865381012,1478729683.9896076
demyelination_progressive_sticks_1200,C:\SynQTI-IR\data\Results_2_MLP\demyelination_progressive_sticks\demyelination_progressive_sticks_1200,C:\SynQTI-IR\data\Results_2_MLP\demyelination_progressive_sticks\demyelination_progressive_sticks_1200\demyelination_progressive_sticks__demyelination_progressive_sticks_1200_exact.nii,C:\SynQTI-IR\data\Results_2_MLP\demyelination_progressive_sticks\demyelination_progressive_sticks_1200\demyelination_progressive_sticks__demyelination_progressive_sticks_1200__GT_params.json,QTI_MLP_16P_sub_min_case_m_ENSAVG_18,0.8798917531967163,0.7098361152098787,0.17005563798683765,0.23957028156607302,0.8478754162788391,0.793933688129595,0.05394172814924414,0.0679423596147632,0.928583562374115,0.8581376682063577,0.07044589416775726,0.08209159995845204,0.8248574733734131,0.8559620867134861,0.031104613340072973,0.036338774605618955,0.007101798430085182,0.010332184677105095,0.0032303862470199132,0.31265277844533845
fanning_sticks_1500,C:\SynQTI-IR\data\Results_2_MLP\fanning_sticks_1500\fanning_sticks_1500,C:\SynQTI-IR\data\Results_2_MLP\fanning_sticks_1500\fanning_sticks_1500\fanning_sticks_1500__fanning_sticks_1500_exact.nii,C:\SynQTI-IR\data\Results_2_MLP\fanning_sticks_1500\fanning_sticks_1500\fanning_sticks_1500__fanning_sticks_1500__GT_params.json,QTI_MLP_16P_sub_min_case_m_ENSAVG_18,0.778876543045044,0.6326453013867827,0.1462312416582613,0.23114253964660084,0.9158627390861511,0.8120331944337412,0.1038295446524099,0.1278636703080666,0.9913762211799622,0.9383072413246826,0.053068979855279586,0.056558211977881946,0.8452810049057007,0.74895794055086,0.09632306435484073,0.12860944405485084,0.0026827773544937372,0.00155775781991641,0.0011250195345773272,0.722204388558609
Frac_0.00,C:\SynQTI-IR\data\Results_2_MLP\frac_gauss_2\Frac_0.00,C:\SynQTI-IR\data\Results_2_MLP\frac_gauss_2\Frac_0.00\frac_gauss_2__Frac_0.00_exact.nii,C:\SynQTI-IR\data\Results_2_MLP\frac_gauss_2\Frac_0.00\frac_gauss_2__Frac_0.00__GT_params.json,QTI_MLP_16P_sub_min_case_m_ENSAVG_18,0.9299892783164978,0.7966666666687987,0.1333226116476991,0.16735055855293926,0.4066108167171478,0.4148188343835531,0.008208017666405276,0.019786993709152864,0.7468872666358948,0.8004556404610015,0.05356837382510671,0.06692235161737194,0.33117353916168213,0.26856065974909776,0.06261287941258437,0.23314240987807813,-0.005549556575715542,7.040989113733794e-16,0.005549556575716246,5545651888.258868
Frac_0.09,C:\SynQTI-IR\data\Results_2_MLP\frac_gauss_2\Frac_0.09,C:\SynQTI-IR\data\Results_2_MLP\frac_gauss_2\Frac_0.09\frac_gauss_2__Frac_0.09_exact.nii,C:\SynQTI-IR\data\Results_2_MLP\frac_gauss_2\Frac_0.09\frac_gauss_2__Frac_0.09__GT_params.json,QTI_MLP_16P_sub_min_case_m_ENSAVG_18,1.0342481136322021,0.9962436580621831,0.03800445557001908,0.03814775156903311,0.34736502170562744,0.3000669705499248,0.047298051155702625,0.15762498307915435,0.6964412331581116,0.5952114624711587,0.10122977068695282,0.17007362436621068,0.2816592752933502,0.25415216584322686,0.027507109450123357,0.10823086775102606,0.020840803161263466,0.28730603559905876,0.2664652324377953,0.9274613110067946
Frac_0.18,C:\SynQTI-IR\data\Results_2_MLP\frac_gauss_2\Frac_0.18,C:\SynQTI-IR\data\Results_2_MLP\frac_gauss_2\Frac_0.18\frac_gauss_2__Frac_0.18_exact.nii,C:\SynQTI-IR\data\Results_2_MLP\frac_gauss_2\Frac_0.18\frac_gauss_2__Frac_0.18__GT_params.json,QTI_MLP_16P_sub_min_case_m_ENSAVG_18,1.1530754566192627,1.1985594796305785,0.04548402301131582,0.037948907654793244,0.3289174437522888,0.24607093136551983,0.08284651238676899,0.3366773634199403,0.6457973122596741,0.47749945997061444,0.16829785228905964,0.35245663377098757,0.28475141525268555,0.26556745801313647,0.019183957239549077,0.07223760540166745,0.05584286153316498,0.3362214979219312,0.2803786363887662,0.833910496862502
Frac_0.27,C:\SynQTI-IR\data\Results_2_MLP\frac_gauss_2\Frac_0.27,C:\SynQTI-IR\data\Results_2_MLP\frac_gauss_2\Frac_0.27\frac_gauss_2__Frac_0.27_exact.nii,C:\SynQTI-IR\data\Results_2_MLP\frac_gauss_2\Frac_0.27\frac_gauss_2__Frac_0.27__GT_params.json,QTI_MLP_16P_sub_min_case_m_ENSAVG_18,1.2954163551330566,1.3961926764038664,0.10077632127080971,0.07217937966148355,0.2840161919593811,0.1881607923637092,0.09585539959567191,0.5094334392994947,0.5815755128860474,0.39911941777178817,0.1824560951142592,0.4571466257703561,0.25182899832725525,0.2222555177982289,0.029573480529026336,0.13306072587921566,0.09279768913984299,0.33029315057997916,0.23749546144013617,0.7190444640537847
Frac_0.36,C:\SynQTI-IR\data\Results_2_MLP\frac_gauss_2\Frac_0.36,C:\SynQTI-IR\data\Results_2_MLP\frac_gauss_2\Frac_0.36\frac_gauss_2__Frac_0.36_exact.nii,C:\SynQTI-IR\data\Results_2_MLP\frac_gauss_2\Frac_0.36\frac_gauss_2__Frac_0.36__GT_params.json,QTI_MLP_16P_sub_min_case_m_ENSAVG_18,1.4346280097961426,1.594563176519243,0.15993516672310037,0.10030030109695688,0.22190526127815247,0.13589132861161998,0.08601393266653248,0.6329611576006368,0.50697922706604,0.33849806803168403,0.168481159034356,0.4977315232950994,0.1944938749074936,0.16116513671157276,0.03332873819592083,0.2067986841059826,0.12686118483543396,0.3056238839619799,0.17876269912654597,0.5849107628911601
Frac_0.45,C:\SynQTI-IR\data\Results_2_MLP\frac_gauss_2\Frac_0.45,C:\SynQTI-IR\data\Results_2_MLP\frac_gauss_2\Frac_0.45\frac_gauss_2__Frac_0.45_exact.nii,C:\SynQTI-IR\data\Results_2_MLP\frac_gauss_2\Frac_0.45\frac_gauss_2__Frac_0.45__GT_params.json,QTI_MLP_16P_sub_min_case_m_ENSAVG_18,1.5828474760055542,1.7990946504959124,0.21624717449035824,0.12019777527026189,0.18862712383270264,0.10788048747908238,0.08074663635362025,0.7484823088932392,0.4435867965221405,0.28681852592446594,0.15676827059767456,0.5465765159061349,0.1830856204032898,0.14147229588435803,0.041613324518931766,0.2941446893083087,0.15144553780555725,0.27207323513386705,0.1206276973283098,0.443364806790034
Frac_0.55,C:\SynQTI-IR\data\Results_2_MLP\frac_gauss_2\Frac_0.55,C:\SynQTI-IR\data\Results_2_MLP\frac_gauss_2\Frac_0.55\frac_gauss_2__Frac_0.55_exact.nii,C:\SynQTI-IR\data\Results_2_MLP\frac_gauss_2\Frac_0.55\frac_gauss_2__Frac_0.55__GT_params.json,QTI_MLP_16P_sub_min_case_m_ENSAVG_18,1.753800868988037,2.0009729467855544,0.24717207779751726,0.1235259468122551,0.14260333776474,0.0778213272358567,0.06478201052888329,0.8324454597351314,0.37691688537597656,0.24394277687141497,0.1329741085045616,0.5451036927980395,0.14763036370277405,0.10177036692884218,0.04585999677393186,0.4506222995692502,0.16425541043281555,0.23276209829438854,0.06850668786157299,0.29432063193825503
Frac_0.64,C:\SynQTI-IR\data\Results_2_MLP\frac_gauss_2\Frac_0.64,C:\SynQTI-IR\data\Results_2_MLP\frac_gauss_2\Frac_0.64\frac_gauss_2__Frac_0.64_exact.nii,C:\SynQTI-IR\data\Results_2_MLP\frac_gauss_2\Frac_0.64\frac_gauss_2__Frac_0.64__GT_params.json,QTI_MLP_16P_sub_min_case_m_ENSAVG_18,1.969300389289856,2.2008496078639084,0.23154921857405242,0.10520901462171388,0.10699272900819778,0.05384928797048892,0.05314344103770886,0.9868921770302,0.3163416087627411,0.20465613635952112,0.11168547240321997,0.5457225685452961,0.12015382200479507,0.06923255962677835,0.050921262378016724,0.7355103242143521,0.1664581596851349,0.18939162666076834,0.02293346697563345,0.1210901842909348
Frac_0.73,C:\SynQTI-IR\data\Results_2_MLP\frac_gauss_2\Frac_0.73,C:\SynQTI-IR\data\Results_2_MLP\frac_gauss_2\Frac_0.73\frac_gauss_2__Frac_0.73_exact.nii,C:\SynQTI-IR\data\Results_2_MLP\frac_gauss_2\Frac_0.73\frac_gauss_2__Frac_0.73__GT_params.json,QTI_MLP_16P_sub_min_case_m_ENSAVG_18,2.1973912715911865,2.3988804445393073,0.20148917294812074,0.08399300323894704,0.08365947008132935,0.03728989666181832,0.04636957341951103,1.2434889224497647,0.26185372471809387,0.16816681711681575,0.09368690760127812,0.5571069798843974,0.11230050027370453,0.049170174650993936,0.06313032562271059,1.2839150169695512,0.1648133397102356,0.144181622230646,0.020631717479589584,0.14309533462206522
Frac_0.82,C:\SynQTI-IR\data\Results_2_MLP\frac_gauss_2\Frac_0.82,C:\SynQTI-IR\data\Results_2_MLP\frac_gauss_2\Frac_0.82\frac_gauss_2__Frac_0.82_exact.nii,C:\SynQTI-IR\data\Results_2_MLP\frac_gauss_2\Frac_0.82\frac_gauss_2__Frac_0.82__GT_params.json,QTI_MLP_16P_sub_min_case_m_ENSAVG_18,2.44014835357666,2.5971332922079102,0.15698493863125007,0.06044546851029407,0.0664079487323761,0.02407336367964815,0.04233458505272795,1.758565425851122,0.20897871255874634,0.13057763659775473,0.0784010759609916,0.6004173302807296,0.11864618211984634,0.033988808947876065,0.08465737317197028,2.4907425646867134,0.16121269762516022,0.09761144255139134,0.06360125507376888,0.6515758133543815
Frac_0.91,C:\SynQTI-IR\data\Results_2_MLP\frac_gauss_2\Frac_0.91,C:\SynQTI-IR\data\Results_2_MLP\frac_gauss_2\Frac_0.91\frac_gauss_2__Frac_0.91_exact.nii,C:\SynQTI-IR\data\Results_2_MLP\frac_gauss_2\Frac_0.91\frac_gauss_2__Frac_0.91__GT_params.json,QTI_MLP_16P_sub_min_case_m_ENSAVG_18,2.6781105995178223,2.8038117883831406,0.12570118886531834,0.04483224922089401,0.05945071950554848,0.013386758476636597,0.04606396102891188,3.441009345605552,0.15594854950904846,0.08762402697979893,0.06832452252924953,0.7797464335235528,0.18163235485553741,0.023340192795852067,0.15829216205968535,6.781956063406405,0.15629151463508606,0.04963211397508626,0.10665940065999979,2.148999752688157
Frac_1.00,C:\SynQTI-IR\data\Results_2_MLP\frac_gauss_2\Frac_1.00,C:\SynQTI-IR\data\Results_2_MLP\frac_gauss_2\Frac_1.00\frac_gauss_2__Frac_1.00_exact.nii,C:\SynQTI-IR\data\Results_2_MLP\frac_gauss_2\Frac_1.00\frac_gauss_2__Frac_1.00__GT_params.json,QTI_MLP_16P_sub_min_case_m_ENSAVG_18,2.8893771171569824,2.999572620785153,0.11019550362817077,0.03673706809581753,0.05702434480190277,,,,0.11265269666910172,0.0,0.11265269666910172,112652696669.10172,0.3321140706539154,-inf,inf,,0.14788216352462769,0.0010638500424254632,0.14681831348220223,138.00658691469874
iso_bimod0.80_V0.01,C:\SynQTI-IR\data\Results_2_MLP\iso_bimod_gauss_2\iso_bimod0.80_V0.01,C:\SynQTI-IR\data\Results_2_MLP\iso_bimod_gauss_2\iso_bimod0.80_V0.01\iso_bimod_gauss_2__iso_bimod0.80_V0.01_exact.nii,C:\SynQTI-IR\data\Results_2_MLP\iso_bimod_gauss_2\iso_bimod0.80_V0.01\iso_bimod_gauss_2__iso_bimod0.80_V0.01__GT_params.json,QTI_MLP_16P_sub_min_case_m_ENSAVG_18,0.8599758148193359,0.7989715645455319,0.06100425027380407,0.0763534686098972,0.04637197405099869,0.0,0.04637197405099869,46371974050.99869,0.3424949645996094,0.0,0.3424949645996094,342494964599.6094,0.08603668212890625,,,,0.00504232756793499,0.015744718370378184,0.010702390802443194,0.6797448229940223
iso_bimod0.80_V0.09,C:\SynQTI-IR\data\Results_2_MLP\iso_bimod_gauss_2\iso_bimod0.80_V0.09,C:\SynQTI-IR\data\Results_2_MLP\iso_bimod_gauss_2\iso_bimod0.80_V0.09\iso_bimod_gauss_2__iso_bimod0.80_V0.09_exact.nii,C:\SynQTI-IR\data\Results_2_MLP\iso_bimod_gauss_2\iso_bimod0.80_V0.09\iso_bimod_gauss_2__iso_bimod0.80_V0.09__GT_params.json,QTI_MLP_16P_sub_min_case_m_ENSAVG_18,0.8824708461761475,0.7989715645455321,0.08349928163061537,0.10450845228516563,0.04739631712436676,,,,0.3352457582950592,1.218968367236447e-08,0.33524574610537555,27500159.5575281,0.08780426532030106,-1.1421298841425473,1.2299341494628484,1.076877653354761,0.01626833714544773,0.12444283799583014,0.10817450085038241,0.8692706032076982
iso_bimod0.80_V0.15,C:\SynQTI-IR\data\Results_2_MLP\iso_bimod_gauss_2\iso_bimod0.80_V0.15,C:\SynQTI-IR\data\Results_2_MLP\iso_bimod_gauss_2\iso_bimod0.80_V0.15\iso_bimod_gauss_2__iso_bimod0.80_V0.15_exact.nii,C:\SynQTI-IR\data\Results_2_MLP\iso_bimod_gauss_2\iso_bimod0.80_V0.15\iso_bimod_gauss_2__iso_bimod0.80_V0.15__GT_params.json,QTI_MLP_16P_sub_min_case_m_ENSAVG_18,0.9051870703697205,0.7989715645455319,0.1062155058241886,0.13294028290540325,0.04815374314785004,,,,0.3274136781692505,1.1715464382242222e-08,0.3274136664537861,27944749.86413331,0.08967399597167969,-1.2364636415095211,1.3261376374812008,1.0725245716575456,0.027124200016260147,0.1912418882134192,0.16411768819715905,0.858168101818527
iso_bimod0.80_V0.25,C:\SynQTI-IR\data\Results_2_MLP\iso_bimod_gauss_2\iso_bimod0.80_V0.25,C:\SynQTI-IR\data\Results_2_MLP\iso_bimod_gauss_2\iso_bimod0.80_V0.25\iso_bimod_gauss_2__iso_bimod0.80_V0.25_exact.nii,C:\SynQTI-IR\data\Results_2_MLP\iso_bimod_gauss_2\iso_bimod0.80_V0.25\iso_bimod_gauss_2__iso_bimod0.80_V0.25__GT_params.json,QTI_MLP_16P_sub_min_case_m_ENSAVG_18,0.957280695438385,0.7989715645455321,0.15830913089285292,0.19814113282329837,0.0492125079035759,0.0,0.0492125079035759,49212507903.5759,0.3088754713535309,0.0,0.3088754713535309,308875471353.5309,0.09226301312446594,,,,0.04861827939748764,0.28241136062314404,0.2337930812256564,0.827845879531763
iso_bimod0.80_V0.35,C:\SynQTI-IR\data\Results_2_MLP\iso_bimod_gauss_2\iso_bimod0.80_V0.35,C:\SynQTI-IR\data\Results_2_MLP\iso_bimod_gauss_2\iso_bimod0.80_V0.35\iso_bimod_gauss_2__iso_bimod0.80_V0.35_exact.nii,C:\SynQTI-IR\data\Results_2_MLP\iso_bimod_gauss_2\iso_bimod0.80_V0.35\iso_bimod_gauss_2__iso_bimod0.80_V0.35__GT_params.json,QTI_MLP_16P_sub_min_case_m_ENSAVG_18,1.0353161096572876,0.7989715645455321,0.2363445451117555,0.29581095948752106,0.04928262159228325,0.0,0.04928262159228325,49282621592.28325,0.2851310968399048,,,,0.09080212563276291,-0.0,0.09080212563276291,90802125632.76291,0.0752297043800354,0.35507393942807935,0.27984423504804395,0.7881294681834532
iso_bimod0.80_V0.49,C:\SynQTI-IR\data\Results_2_MLP\iso_bimod_gauss_2\iso_bimod0.80_V0.49,C:\SynQTI-IR\data\Results_2_MLP\iso_bimod_gauss_2\iso_bimod0.80_V0.49\iso_bimod_gauss_2__iso_bimod0.80_V0.49_exact.nii,C:\SynQTI-IR\data\Results_2_MLP\iso_bimod_gauss_2\iso_bimod0.80_V0.49\iso_bimod_gauss_2__iso_bimod0.80_V0.49__GT_params.json,QTI_MLP_16P_sub_min_case_m_ENSAVG_18,1.2171663045883179,0.8003443686942194,0.41682193589409844,0.520803234454729,0.04352859407663345,,,,0.2505452632904053,1.3849420991164021e-08,0.2505452494409843,18089359.854174938,0.062307458370923996,-0.8817510616591904,0.9440585200301144,1.0706633210654823,0.11732389032840729,0.4329465290814051,0.3156226387529978,0.7290106688739006
iso_bimod2.00_V0.01,C:\SynQTI-IR\data\Results_2_MLP\iso_bimod_gauss_2\iso_bimod2.00_V0.01,C:\SynQTI-IR\data\Results_2_MLP\iso_bimod_gauss_2\iso_bimod2.00_V0.01\iso_bimod_gauss_2__iso_bimod2.00_V0.01_exact.nii,C:\SynQTI-IR\data\Results_2_MLP\iso_bimod_gauss_2\iso_bimod2.00_V0.01\iso_bimod_gauss_2__iso_bimod2.00_V0.01__GT_params.json,QTI_MLP_16P_sub_min_case_m_ENSAVG_18,2.003992795944214,1.9989715645455317,0.005021231398682158,0.0025119073666369177,0.03037632443010807,0.0,0.03037632443010807,30376324430.10807,0.15754160284996033,0.0,0.15754160284996033,157541602849.96033,0.06493589282035828,,,,0.15489570796489716,0.0025489899937662934,0.15234671797113086,59.767483702931884
iso_bimod2.00_V0.09,C:\SynQTI-IR\data\Results_2_MLP\iso_bimod_gauss_2\iso_bimod2.00_V0.09,C:\SynQTI-IR\data\Results_2_MLP\iso_bimod_gauss_2\iso_bimod2.00_V0.09\iso_bimod_gauss_2__iso_bimod2.00_V0.09_exact.nii,C:\SynQTI-IR\data\Results_2_MLP\iso_bimod_gauss_2\iso_bimod2.00_V0.09\iso_bimod_gauss_2__iso_bimod2.00_V0.09__GT_params.json,QTI_MLP_16P_sub_min_case_m_ENSAVG_18,1.9824556112289429,1.9989715645455322,0.016515953316589282,0.008262225240975819,0.030024008825421333,0.0,0.030024008825421333,30024008825.421333,0.1595706194639206,0.0,0.1595706194639206,159570619463.9206,0.06127311661839485,,,,0.15591958165168762,0.022201593196915993,0.13371798845477162,6.022900575771445
iso_bimod2.00_V0.15,C:\SynQTI-IR\data\Results_2_MLP\iso_bimod_gauss_2\iso_bimod2.00_V0.15,C:\SynQTI-IR\data\Results_2_MLP\iso_bimod_gauss_2\iso_bimod2.00_V0.15\iso_bimod_gauss_2__iso_bimod2.00_V0.15_exact.nii,C:\SynQTI-IR\data\Results_2_MLP\iso_bimod_gauss_2\iso_bimod2.00_V0.15\iso_bimod_gauss_2__iso_bimod2.00_V0.15__GT_params.json,QTI_MLP_16P_sub_min_case_m_ENSAVG_18,1.9666366577148438,1.9989715645455322,0.032334906830688404,0.016175771283681865,0.02982993982732296,0.0,0.02982993982732296,29829939827.32296,0.16112899780273438,0.0,0.16112899780273438,161128997802.73438,0.058741435408592224,,,,0.15667787194252014,0.036400742583723826,0.12027712935879631,3.3042493316955737
iso_bimod2.00_V0.25,C:\SynQTI-IR\data\Results_2_MLP\iso_bimod_gauss_2\iso_bimod2.00_V0.25,C:\SynQTI-IR\data\Results_2_MLP\iso_bimod_gauss_2\iso_bimod2.00_V0.25\iso_bimod_gauss_2__iso_bimod2.00_V0.25_exact.nii,C:\SynQTI-IR\data\Results_2_MLP\iso_bimod_gauss_2\iso_bimod2.00_V0.25\iso_bimod_gauss_2__iso_bimod2.00_V0.25__GT_params.json,QTI_MLP_16P_sub_min_case_m_ENSAVG_18,1.941052794456482,1.9989715645455322,0.05791877008905022,0.028974284135046775,0.029585212469100952,0.0,0.029585212469100952,29585212469.100952,0.16363972425460815,0.0,0.16363972425460815,163639724254.60815,0.055212512612342834,,,,0.15796904265880585,0.05915277592147684,0.09881626673732902,1.6705262804037042
iso_bimod2.00_V0.35,C:\SynQTI-IR\data\Results_2_MLP\iso_bimod_gauss_2\iso_bimod2.00_V0.35,C:\SynQTI-IR\data\Results_2_MLP\iso_bimod_gauss_2\iso_bimod2.00_V0.35\iso_bimod_gauss_2__iso_bimod2.00_V0.35_exact.nii,C:\SynQTI-IR\data\Results_2_MLP\iso_bimod_gauss_2\iso_bimod2.00_V0.35\iso_bimod_gauss_2__iso_bimod2.00_V0.35__GT_params.json,QTI_MLP_16P_sub_min_case_m_ENSAVG_18,1.9163199663162231,1.9989715645455322,0.08265159822930901,0.041347060506115085,0.029418136924505234,0.0,0.029418136924505234,29418136924.505234,0.16604845225811005,,,,0.05232422053813934,-0.0,0.05232422053813934,52324220538.13934,0.1593484878540039,0.08084395183821233,0.07850453601579158,0.9710625746243388
iso_bimod2.00_V0.49,C:\SynQTI-IR\data\Results_2_MLP\iso_bimod_gauss_2\iso_bimod2.00_V0.49,C:\SynQTI-IR\data\Results_2_MLP\iso_bimod_gauss_2\iso_bimod2.00_V0.49\iso_bimod_gauss_2__iso_bimod2.00_V0.49_exact.nii,C:\SynQTI-IR\data\Results_2_MLP\iso_bimod_gauss_2\iso_bimod2.00_V0.49\iso_bimod_gauss_2__iso_bimod2.00_V0.49__GT_params.json,QTI_MLP_16P_sub_min_case_m_ENSAVG_18,1.882124423980713,1.9989715645455322,0.11684714056481926,0.05845362817420872,0.029272841289639473,0.0,0.029272841289639473,29272841289.639473,0.16945601999759674,0.0,0.16945601999759674,169456019997.59674,0.04867325723171234,,,,0.16137917339801788,0.10957397773216815,0.051805195665849735,0.4727873965842918
iso_uni0.80,C:\SynQTI-IR\data\Results_2_MLP\iso_uni_gauss_2\iso_uni0.80,C:\SynQTI-IR\data\Results_2_MLP\iso_uni_gauss_2\iso_uni0.80\iso_uni_gauss_2__iso_uni0.80_exact.nii,C:\SynQTI-IR\data\Results_2_MLP\iso_uni_gauss_2\iso_uni0.80\iso_uni_gauss_2__iso_uni0.80__GT_params.json,QTI_MLP_16P_sub_min_case_m_ENSAVG_18,0.8565853238105774,0.795538104906566,0.061047218904011435,0.07673701426420618,0.04622776433825493,,,,0.34342825412750244,0.0,0.34342825412750244,343428254127.50244,0.08612874150276184,-inf,inf,,0.0036723960656672716,0.009630340906972137,0.005957944841304866,0.6186639598991549
iso_uni1.20,C:\SynQTI-IR\data\Results_2_MLP\iso_uni_gauss_2\iso_uni1.20,C:\SynQTI-IR\data\Results_2_MLP\iso_uni_gauss_2\iso_uni1.20\iso_uni_gauss_2__iso_uni1.20_exact.nii,C:\SynQTI-IR\data\Results_2_MLP\iso_uni_gauss_2\iso_uni1.20\iso_uni_gauss_2__iso_uni1.20__GT_params.json,QTI_MLP_16P_sub_min_case_m_ENSAVG_18,1.1892881393432617,1.1991849979136033,0.009896858570341616,0.008252987310175134,0.04620979353785515,0.0,0.04620979353785515,46209793537.85515,0.2610529065132141,,,,0.06588853150606155,-0.0,0.06588853150606155,65888531506.061554,0.1005190908908844,0.009988990471432658,0.09053010041945174,9.062987963527869
iso_uni1.50,C:\SynQTI-IR\data\Results_2_MLP\iso_uni_gauss_2\iso_uni1.50,C:\SynQTI-IR\data\Results_2_MLP\iso_uni_gauss_2\iso_uni1.50\iso_uni_gauss_2__iso_uni1.50_exact.nii,C:\SynQTI-IR\data\Results_2_MLP\iso_uni_gauss_2\iso_uni1.50\iso_uni_gauss_2__iso_uni1.50__GT_params.json,QTI_MLP_16P_sub_min_case_m_ENSAVG_18,1.4654451608657837,1.5008415987567307,0.03539643789094704,0.023584392863474204,0.036384280771017075,0.0,0.036384280771017075,36384280771.017075,0.2167448103427887,0.0,0.2167448103427887,216744810342.7887,0.04308450222015381,,,,0.14668279886245728,0.009534249485586037,0.13714854937687124,14.384829091144384
iso_uni1.75,C:\SynQTI-IR\data\Results_2_MLP\iso_uni_gauss_2\iso_uni1.75,C:\SynQTI-IR\data\Results_2_MLP\iso_uni_gauss_2\iso_uni1.75\iso_uni_gauss_2__iso_uni1.75_exact.nii,C:\SynQTI-IR\data\Results_2_MLP\iso_uni_gauss_2\iso_uni1.75\iso_uni_gauss_2__iso_uni1.75__GT_params.json,QTI_MLP_16P_sub_min_case_m_ENSAVG_18,1.7306170463562012,1.7500149788850017,0.01939793252880051,0.011084437997867055,0.03239959478378296,0.0,0.03239959478378296,32399594783.78296,0.18841984868049622,,,,0.045673858374357224,-0.0,0.045673858374357224,45673858374.35722,0.1546761691570282,0.010199242939011305,0.1444769262180169,14.165455913520649
iso_uni2.00,C:\SynQTI-IR\data\Results_2_MLP\iso_uni_gauss_2\iso_uni2.00,C:\SynQTI-IR\data\Results_2_MLP\iso_uni_gauss_2\iso_uni2.00\iso_uni_gauss_2__iso_uni2.00_exact.nii,C:\SynQTI-IR\data\Results_2_MLP\iso_uni_gauss_2\iso_uni2.00\iso_uni_gauss_2__iso_uni2.00__GT_params.json,QTI_MLP_16P_sub_min_case_m_ENSAVG_18,1.9853330850601196,1.988308506287268,0.002975421227148445,0.0014964585313286707,0.03028339147567749,,,,0.1594032496213913,0.0,0.1594032496213913,159403249621.3913,0.06249667704105377,-inf,inf,,0.15525265038013458,0.009248248551446833,0.14600440182868774,15.787248904557066
iso_uni2.49,C:\SynQTI-IR\data\Results_2_MLP\iso_uni_gauss_2\iso_uni2.49,C:\SynQTI-IR\data\Results_2_MLP\iso_uni_gauss_2\iso_uni2.49\iso_uni_gauss_2__iso_uni2.49_exact.nii,C:\SynQTI-IR\data\Results_2_MLP\iso_uni_gauss_2\iso_uni2.49\iso_uni_gauss_2__iso_uni2.49__GT_params.json,QTI_MLP_16P_sub_min_case_m_ENSAVG_18,2.4961330890655518,2.491365043058468,0.004768046007083804,0.0019138287343184786,0.034044843167066574,0.0,0.034044843167066574,34044843167.066574,0.12341109663248062,0.0,0.12341109663248062,123411096632.48062,0.1407351791858673,,,,0.1504894495010376,0.009775791542206114,0.14071365795883148,14.394093545972071
needle_sphere_2tensors,C:\SynQTI-IR\data\Results_2_MLP\needle_sphere_2\needle_sphere_2tensors,C:\SynQTI-IR\data\Results_2_MLP\needle_sphere_2\needle_sphere_2tensors\needle_sphere_2__needle_sphere_2tensors_exact.nii,C:\SynQTI-IR\data\Results_2_MLP\needle_sphere_2\needle_sphere_2tensors\needle_sphere_2__needle_sphere_2tensors__GT_params.json,QTI_MLP_16P_sub_min_case_m_ENSAVG_18,1.3123784065246582,1.3166666666666667,0.004288260142008449,0.003256906436965968,0.5193387866020203,0.33723468436858856,0.1821041022334317,0.539992209205435,0.6520912647247314,0.41436318339493633,0.23772808132979512,0.5737191209447748,0.6135437488555908,0.6623722789871166,0.04882853013152577,0.07371765347142764,0.13897551596164703,0.21219389043170905,0.07321837447006202,0.3450541121648412
ODI_0.02,C:\SynQTI-IR\data\Results_2_MLP\o_prog_gauss_2\ODI_0.02,C:\SynQTI-IR\data\Results_2_MLP\o_prog_gauss_2\ODI_0.02\o_prog_gauss_2__ODI_0.02_exact.nii,C:\SynQTI-IR\data\Results_2_MLP\o_prog_gauss_2\ODI_0.02\o_prog_gauss_2__ODI_0.02__GT_params.json,QTI_MLP_16P_sub_min_case_m_ENSAVG_18,0.9208161234855652,0.8000000000000013,0.12081612348556392,0.15102015435676588,0.8914063572883606,0.8308467971461997,0.060559560142160906,0.07288896141875802,0.9360111951828003,0.8522808827351158,0.08373031244768447,0.09824262651402114,0.8678649067878723,0.9503343036736824,0.08246939688581012,0.0867793539251646,0.013041004538536072,6.726766422580508e-16,0.013041004538535399,13032238056.398514
ODI_0.10,C:\SynQTI-IR\data\Results_2_MLP\o_prog_gauss_2\ODI_0.10,C:\SynQTI-IR\data\Results_2_MLP\o_prog_gauss_2\ODI_0.10\o_prog_gauss_2__ODI_0.10_exact.nii,C:\SynQTI-IR\data\Results_2_MLP\o_prog_gauss_2\ODI_0.10\o_prog_gauss_2__ODI_0.10__GT_params.json,QTI_MLP_16P_sub_min_case_m_ENSAVG_18,0.9276686906814575,0.8000000000000013,0.12766869068145625,0.1595858633516206,0.7230139970779419,0.7062461037161517,0.016767893361790187,0.023742280875655847,0.873963475227356,0.8524905903767496,0.02147288485060639,0.025188412743759995,0.7058351039886475,0.6863299352766562,0.01950516871199126,0.028419522024928732,0.008028491400182247,-1.9242842522960797e-15,0.008028491400184171,8013071971.975982
ODI_0.18,C:\SynQTI-IR\data\Results_2_MLP\o_prog_gauss_2\ODI_0.18,C:\SynQTI-IR\data\Results_2_MLP\o_prog_gauss_2\ODI_0.18\o_prog_gauss_2__ODI_0.18_exact.nii,C:\SynQTI-IR\data\Results_2_MLP\o_prog_gauss_2\ODI_0.18\o_prog_gauss_2__ODI_0.18__GT_params.json,QTI_MLP_16P_sub_min_case_m_ENSAVG_18,0.9272574186325073,0.8000000000000013,0.12725741863250606,0.15907177329043348,0.5236419439315796,0.5206066542452586,0.003035289686320941,0.005830293680582079,0.8113610744476318,0.8522930544774923,0.040931980029860426,0.04802571112691539,0.4405295252799988,0.37311398807276774,0.06741553720723104,0.18068348912692714,-0.004355108831077814,1.095560734966369e-15,0.00435510883107891,4350342766.36044
ODI_0.26,C:\SynQTI-IR\data\Results_2_MLP\o_prog_gauss_2\ODI_0.26,C:\SynQTI-IR\data\Results_2_MLP\o_prog_gauss_2\ODI_0.26\o_prog_gauss_2__ODI_0.26_exact.nii,C:\SynQTI-IR\data\Results_2_MLP\o_prog_gauss_2\ODI_0.26\o_prog_gauss_2__ODI_0.26__GT_params.json,QTI_MLP_16P_sub_min_case_m_ENSAVG_18,0.9217856526374817,0.8000000000000013,0.12178565263748042,0.15223206579666002,0.39899593591690063,0.3985594550281764,0.0004364808887242222,0.0010951462403326244,0.7832698822021484,0.851864908773541,0.0685950265713926,0.08052336217261336,0.2816052734851837,0.21889950305702408,0.06270577042815964,0.2864591721413735,-0.009797345846891403,-4.2787994369931127e-16,0.009797345846890975,9793155552.044727
ODI_0.34,C:\SynQTI-IR\data\Results_2_MLP\o_prog_gauss_2\ODI_0.34,C:\SynQTI-IR\data\Results_2_MLP\o_prog_gauss_2\ODI_0.34\o_prog_gauss_2__ODI_0.34_exact.nii,C:\SynQTI-IR\data\Results_2_MLP\o_prog_gauss_2\ODI_0.34\o_prog_gauss_2__ODI_0.34__GT_params.json,QTI_MLP_16P_sub_min_case_m_ENSAVG_18,0.9024717807769775,0.8000000000000013,0.10247178077697627,0.12808972597106003,0.26398757100105286,0.26613322655817273,0.0021456555571198743,0.008062336239863698,0.7605417966842651,0.8528616473996073,0.09231985071534221,0.10824715942699391,0.13032060861587524,0.09737355564537732,0.03294705297049792,0.3383572957954697,-0.014244134537875652,-6.488728816539003e-16,0.014244134537875004,14234897898.655455
ODI_0.42,C:\SynQTI-IR\data\Results_2_MLP\o_prog_gauss_2\ODI_0.42,C:\SynQTI-IR\data\Results_2_MLP\o_prog_gauss_2\ODI_0.42\o_prog_gauss_2__ODI_0.42_exact.nii,C:\SynQTI-IR\data\Results_2_MLP\o_prog_gauss_2\ODI_0.42\o_prog_gauss_2__ODI_0.42__GT_params.json,QTI_MLP_16P_sub_min_case_m_ENSAVG_18,0.8913323879241943,0.8000000000000013,0.09133238792419307,0.11416548490509845,0.20434965193271637,0.20742578145573,0.003076129523013643,0.014830024992121523,0.7548357844352722,0.8527595740406453,0.09792378960537307,0.11483165077967318,0.08060473948717117,0.05916600717910019,0.02143873230807098,0.36234881023510496,-0.015783635899424553,-1.410593220986741e-16,0.01578363589942441,15781409784.458452
ODI_0.50,C:\SynQTI-IR\data\Results_2_MLP\o_prog_gauss_2\ODI_0.50,C:\SynQTI-IR\data\Results_2_MLP\o_prog_gauss_2\ODI_0.50\o_prog_gauss_2__ODI_0.50_exact.nii,C:\SynQTI-IR\data\Results_2_MLP\o_prog_gauss_2\ODI_0.50\o_prog_gauss_2__ODI_0.50__GT_params.json,QTI_MLP_16P_sub_min_case_m_ENSAVG_18,0.8904101252555847,0.8000000000000013,0.09041012525558345,0.11301265656933787,0.20010249316692352,0.20114079098807763,0.0010382978211541105,0.005162045033473554,0.7536391019821167,0.8519818349206054,0.09834273293848872,0.11542820387425005,0.07774803042411804,0.05573649271671674,0.022011537707401302,0.3949214712680438,-0.015625067055225372,-3.761581922631309e-17,0.015625067055225334,15624479327.63544
ODI_0.60,C:\SynQTI-IR\data\Results_2_MLP\o_prog_gauss_2\ODI_0.60,C:\SynQTI-IR\data\Results_2_MLP\o_prog_gauss_2\ODI_0.60\o_prog_gauss_2__ODI_0.60_exact.nii,C:\SynQTI-IR\data\Results_2_MLP\o_prog_gauss_2\ODI_0.60\o_prog_gauss_2__ODI_0.60__GT_params.json,QTI_MLP_16P_sub_min_case_m_ENSAVG_18,0.87931227684021,0.8000000000000013,0.0793122768402087,0.09914034605013679,0.12035022675991058,0.11782033653997216,0.0025298902199384216,0.021472440957242125,0.7534845471382141,0.8524037817497925,0.09891923461157837,0.11604739060214335,0.025566110387444496,0.019105120542108747,0.00646098984533575,0.33818105626484735,-0.0178724005818367,1.3212556503242458e-15,0.017872400581838022,17848817730.559914
ODI_0.75,C:\SynQTI-IR\data\Results_2_MLP\o_prog_gauss_2\ODI_0.75,C:\SynQTI-IR\data\Results_2_MLP\o_prog_gauss_2\ODI_0.75\o_prog_gauss_2__ODI_0.75_exact.nii,C:\SynQTI-IR\data\Results_2_MLP\o_prog_gauss_2\ODI_0.75\o_prog_gauss_2__ODI_0.75__GT_params.json,QTI_MLP_16P_sub_min_case_m_ENSAVG_18,0.8711562752723694,0.800000000000001,0.07115627527236834,0.08894534409034913,0.07995618134737015,0.05823470514544915,0.021721476201920997,0.37299881826988973,0.7554951906204224,0.8525624779176885,0.0970672872972661,0.11385357649591954,0.00350572494789958,0.004665641139576249,0.0011599161916766689,0.2486081026654803,-0.018920809030532837,-2.1629096055130038e-16,0.018920809030532622,18916717515.53071
ODI_0.90,C:\SynQTI-IR\data\Results_2_MLP\o_prog_gauss_2\ODI_0.90,C:\SynQTI-IR\data\Results_2_MLP\o_prog_gauss_2\ODI_0.90\o_prog_gauss_2__ODI_0.90_exact.nii,C:\SynQTI-IR\data\Results_2_MLP\o_prog_gauss_2\ODI_0.90\o_prog_gauss_2__ODI_0.90__GT_params.json,QTI_MLP_16P_sub_min_case_m_ENSAVG_18,0.8697968125343323,0.8000000000000013,0.06979681253433101,0.08724601566780457,0.07042038440704346,0.02826822917574812,0.04215215523129534,1.491149479783027,0.7565996646881104,0.8523364104740837,0.09573674578597335,0.11232272211932218,-0.0016873636050149798,0.00109995552297822,0.0027873191279932,2.534028937744933,-0.020118406042456627,3.714562148598417e-16,0.020118406042456998,20110935710.400723
crossing_easy_angle70_frac50_50,C:\SynQTI-IR\data\Results_2_MLP\packed_crossings_conserved_2\crossing_easy_angle70_frac50_50,C:\SynQTI-IR\data\Results_2_MLP\packed_crossings_conserved_2\crossing_easy_angle70_frac50_50\packed_crossings_conserved_2__crossing_easy_angle70_frac50_50_exact.nii,C:\SynQTI-IR\data\Results_2_MLP\packed_crossings_conserved_2\crossing_easy_angle70_frac50_50\packed_crossings_conserved_2__crossing_easy_angle70_frac50_50__GT_params.json,QTI_MLP_16P_sub_min_case_m_ENSAVG_18,0.806982696056366,0.6442529577212425,0.1627297383351235,0.25258671517854536,0.3995809853076935,0.37540783529405664,0.024173150013636846,0.06439170347799919,0.8537532091140747,0.9270564727098375,0.07330326359576278,0.07907097976611306,0.23231090605258942,0.16398128466564793,0.06832962138694149,0.4166915848100988,-0.019440146163105965,0.004178078870228844,0.023618225033334807,5.652891139986614
crossing_easy_angle70_frac60_40,C:\SynQTI-IR\data\Results_2_MLP\packed_crossings_conserved_2\crossing_easy_angle70_frac60_40,C:\SynQTI-IR\data\Results_2_MLP\packed_crossings_conserved_2\crossing_easy_angle70_frac60_40\packed_crossings_conserved_2__crossing_easy_angle70_frac60_40_exact.nii,C:\SynQTI-IR\data\Results_2_MLP\packed_crossings_conserved_2\crossing_easy_angle70_frac60_40\packed_crossings_conserved_2__crossing_easy_angle70_frac60_40__GT_params.json,QTI_MLP_16P_sub_min_case_m_ENSAVG_18,0.8015697002410889,0.6442184409438205,0.15735125929726834,0.24425140495278994,0.4019567668437958,0.38298347907333313,0.018973287770462643,0.049540747335422596,0.858464777469635,0.9301402278464825,0.07167545037684753,0.07705875762702775,0.23216189444065094,0.16953650451493507,0.06262538992571587,0.36939177261278017,-0.01867048628628254,0.004249484562073638,0.02291997084835618,5.393588447766531
crossing_easy_angle70_frac70_30,C:\SynQTI-IR\data\Results_2_MLP\packed_crossings_conserved_2\crossing_easy_angle70_frac70_30,C:\SynQTI-IR\data\Results_2_MLP\packed_crossings_conserved_2\crossing_easy_angle70_frac70_30\packed_crossings_conserved_2__crossing_easy_angle70_frac70_30_exact.nii,C:\SynQTI-IR\data\Results_2_MLP\packed_crossings_conserved_2\crossing_easy_angle70_frac70_30\packed_crossings_conserved_2__crossing_easy_angle70_frac70_30__GT_params.json,QTI_MLP_16P_sub_min_case_m_ENSAVG_18,0.8125605583190918,0.6431377903216553,0.1694227679974365,0.26343152361244226,0.44234251976013184,0.41724167377624366,0.025100845983888176,0.06015900990103155,0.855630099773407,0.9282221560657935,0.07259205629238652,0.07820547680092534,0.27867960929870605,0.20205588160873508,0.07662372768997097,0.3792204764321952,-0.016282297670841217,0.004332537705936451,0.02061483537677767,4.758143326432691
crossing_easy_angle80_frac50_50,C:\SynQTI-IR\data\Results_2_MLP\packed_crossings_conserved_2\crossing_easy_angle80_frac50_50,C:\SynQTI-IR\data\Results_2_MLP\packed_crossings_conserved_2\crossing_easy_angle80_frac50_50\packed_crossings_conserved_2__crossing_easy_angle80_frac50_50_exact.nii,C:\SynQTI-IR\data\Results_2_MLP\packed_crossings_conserved_2\crossing_easy_angle80_frac50_50\packed_crossings_conserved_2__crossing_easy_angle80_frac50_50__GT_params.json,QTI_MLP_16P_sub_min_case_m_ENSAVG_18,0.7915392518043518,0.6423456326024453,0.14919361920190655,0.2322637714484343,0.3514834940433502,0.33621146659085877,0.015272027452491455,0.04542387446597951,0.8519324660301208,0.9274244307551367,0.07549196472501585,0.08139958601636861,0.1837214231491089,0.13142197150369694,0.05229945164541194,0.39795059415573286,-0.020621951669454575,0.004406349787341325,0.0250283014567959,5.6800532547410985
crossing_easy_angle80_frac60_40,C:\SynQTI-IR\data\Results_2_MLP\packed_crossings_conserved_2\crossing_easy_angle80_frac60_40,C:\SynQTI-IR\data\Results_2_MLP\packed_crossings_conserved_2\crossing_easy_angle80_frac60_40\packed_crossings_conserved_2__crossing_easy_angle80_frac60_40_exact.nii,C:\SynQTI-IR\data\Results_2_MLP\packed_crossings_conserved_2\crossing_easy_angle80_frac60_40\packed_crossings_conserved_2__crossing_easy_angle80_frac60_40__GT_params.json,QTI_MLP_16P_sub_min_case_m_ENSAVG_18,0.795762836933136,0.6441440262563091,0.15161881067682692,0.23538029461793292,0.3690847158432007,0.3546642610268427,0.014420454816358008,0.040659452899388535,0.8534301519393921,0.9292575494162713,0.07582739747687917,0.08159998003183275,0.20068944990634918,0.1456674973538021,0.055021952552547077,0.3777229207043366,-0.01924818567931652,0.0043892780276576044,0.023637463706974126,5.385273740383972
crossing_easy_angle80_frac70_30,C:\SynQTI-IR\data\Results_2_MLP\packed_crossings_conserved_2\crossing_easy_angle80_frac70_30,C:\SynQTI-IR\data\Results_2_MLP\packed_crossings_conserved_2\crossing_easy_angle80_frac70_30\packed_crossings_conserved_2__crossing_easy_angle80_frac70_30_exact.nii,C:\SynQTI-IR\data\Results_2_MLP\packed_crossings_conserved_2\crossing_easy_angle80_frac70_30\packed_crossings_conserved_2__crossing_easy_angle80_frac70_30__GT_params.json,QTI_MLP_16P_sub_min_case_m_ENSAVG_18,0.806022047996521,0.6449096382989987,0.16111240969752227,0.2498216806345451,0.42732250690460205,0.4080398604798392,0.01928264642476285,0.04725677143904505,0.8578512668609619,0.9291716063989753,0.07132033953801342,0.07675690803159621,0.2605661153793335,0.19284719237922754,0.06771892300010596,0.3511532740730174,-0.01639609783887863,0.004345343715397889,0.02074144155427652,4.773256825692564
crossing_easy_angle90_frac50_50,C:\SynQTI-IR\data\Results_2_MLP\packed_crossings_conserved_2\crossing_easy_angle90_frac50_50,C:\SynQTI-IR\data\Results_2_MLP\packed_crossings_conserved_2\crossing_easy_angle90_frac50_50\packed_crossings_conserved_2__crossing_easy_angle90_frac50_50_exact.nii,C:\SynQTI-IR\data\Results_2_MLP\packed_crossings_conserved_2\crossing_easy_angle90_frac50_50\packed_crossings_conserved_2__crossing_easy_angle90_frac50_50__GT_params.json,QTI_MLP_16P_sub_min_case_m_ENSAVG_18,0.7927477359771729,0.6443413143861823,0.1484064215909906,0.23032268500761344,0.3227762281894684,0.31508592896592275,0.007690299223545638,0.024406990336762878,0.8503788709640503,0.9277907539705385,0.07741188300648816,0.08343679075817013,0.1545354723930359,0.11533415487011335,0.03920131752292254,0.33989339555771886,-0.020224252715706825,0.0043596186975075005,0.024583871413214324,5.638995773100643
crossing_easy_angle90_frac60_40,C:\SynQTI-IR\data\Results_2_MLP\packed_crossings_conserved_2\crossing_easy_angle90_frac60_40,C:\SynQTI-IR\data\Results_2_MLP\packed_crossings_conserved_2\crossing_easy_angle90_frac60_40\packed_crossings_conserved_2__crossing_easy_angle90_frac60_40_exact.nii,C:\SynQTI-IR\data\Results_2_MLP\packed_crossings_conserved_2\crossing_easy_angle90_frac60_40\packed_crossings_conserved_2__crossing_easy_angle90_frac60_40__GT_params.json,QTI_MLP_16P_sub_min_case_m_ENSAVG_18,0.7939460277557373,0.6432145439049856,0.15073148385075175,0.23434091358603232,0.36619898676872253,0.35583578038526287,0.010363206383459667,0.029123564730366112,0.8562177419662476,0.9298585324063794,0.07364079044013183,0.07919569254204481,0.19541357457637787,0.14644193883524365,0.04897163574113422,0.33440991105625806,-0.019536660984158516,0.004327933120197048,0.023864594104355562,5.5140856931160105
crossing_easy_angle90_frac70_30,C:\SynQTI-IR\data\Results_2_MLP\packed_crossings_conserved_2\crossing_easy_angle90_frac70_30,C:\SynQTI-IR\data\Results_2_MLP\packed_crossings_conserved_2\crossing_easy_angle90_frac70_30\packed_crossings_conserved_2__crossing_easy_angle90_frac70_30_exact.nii,C:\SynQTI-IR\data\Results_2_MLP\packed_crossings_conserved_2\crossing_easy_angle90_frac70_30\packed_crossings_conserved_2__crossing_easy_angle90_frac70_30__GT_params.json,QTI_MLP_16P_sub_min_case_m_ENSAVG_18,0.7998871803283691,0.6425005521560686,0.15738662817230054,0.24495952204851193,0.4156428873538971,0.39534536066394815,0.02029752668994894,0.05134125427906798,0.8570643067359924,0.9307066206691903,0.07364231393319787,0.07912516393207664,0.24846145510673523,0.18043786797009212,0.06802358713664311,0.3769917473617076,-0.01592414267361164,0.004180773909016016,0.020104916582627655,4.808898308148558
crossing_hard_angle25_frac50_50,C:\SynQTI-IR\data\Results_2_MLP\packed_crossings_conserved_2\crossing_hard_angle25_frac50_50,C:\SynQTI-IR\data\Results_2_MLP\packed_crossings_conserved_2\crossing_hard_angle25_frac50_50\packed_crossings_conserved_2__crossing_hard_angle25_frac50_50_exact.nii,C:\SynQTI-IR\data\Results_2_MLP\packed_crossings_conserved_2\crossing_hard_angle25_frac50_50\packed_crossings_conserved_2__crossing_hard_angle25_frac50_50__GT_params.json,QTI_MLP_16P_sub_min_case_m_ENSAVG_18,0.8332508206367493,0.6446654099136556,0.18858541072309365,0.2925322311740902,0.5911561846733093,0.5520550376568213,0.039101147016488036,0.07082834925731443,0.8828784227371216,0.9280240688332563,0.045145646096134695,0.048647063812520194,0.459157794713974,0.35387206022344364,0.10528573449053036,0.29752485806241047,-0.008722469210624695,0.004189920826757924,0.012912390037382619,3.0817742311117104
crossing_hard_angle25_frac60_40,C:\SynQTI-IR\data\Results_2_MLP\packed_crossings_conserved_2\crossing_hard_angle25_frac60_40,C:\SynQTI-IR\data\Results_2_MLP\packed_crossings_conserved_2\crossing_hard_angle25_frac60_40\packed_crossings_conserved_2__crossing_hard_angle25_frac60_40_exact.nii,C:\SynQTI-IR\data\Results_2_MLP\packed_crossings_conserved_2\crossing_hard_angle25_frac60_40\packed_crossings_conserved_2__crossing_hard_angle25_frac60_40__GT_params.json,QTI_MLP_16P_sub_min_case_m_ENSAVG_18,0.8368189334869385,0.6434616511530568,0.19335728233388172,0.3004954249986661,0.5932424068450928,0.5560175227749548,0.03722488407013802,0.06694912038795162,0.8830824494361877,0.9292719243332275,0.04618947489703973,0.049705014955802054,0.4623933434486389,0.3580068402632362,0.10438650318540271,0.29157684000774275,-0.008501914329826832,0.0043748870058511165,0.012876801335677947,2.9433448945110463
crossing_hard_angle25_frac70_30,C:\SynQTI-IR\data\Results_2_MLP\packed_crossings_conserved_2\crossing_hard_angle25_frac70_30,C:\SynQTI-IR\data\Results_2_MLP\packed_crossings_conserved_2\crossing_hard_angle25_frac70_30\packed_crossings_conserved_2__crossing_hard_angle25_frac70_30_exact.nii,C:\SynQTI-IR\data\Results_2_MLP\packed_crossings_conserved_2\crossing_hard_angle25_frac70_30\packed_crossings_conserved_2__crossing_hard_angle25_frac70_30__GT_params.json,QTI_MLP_16P_sub_min_case_m_ENSAVG_18,0.8364030718803406,0.6431965113004812,0.1932065605798594,0.30038496351436056,0.6013048887252808,0.5634944067411728,0.03781048198410797,0.0671000129401607,0.8855111002922058,0.9302487299826501,0.04473762969044426,0.048092115848661854,0.4730522930622101,0.36692816383553356,0.10612412922667652,0.2892231768667254,-0.008142505772411823,0.004415348953185276,0.0125578547255971,2.844136410485428
crossing_hard_angle35_frac50_50,C:\SynQTI-IR\data\Results_2_MLP\packed_crossings_conserved_2\crossing_hard_angle35_frac50_50,C:\SynQTI-IR\data\Results_2_MLP\packed_crossings_conserved_2\crossing_hard_angle35_frac50_50\packed_crossings_conserved_2__crossing_hard_angle35_frac50_50_exact.nii,C:\SynQTI-IR\data\Results_2_MLP\packed_crossings_conserved_2\crossing_hard_angle35_frac50_50\packed_crossings_conserved_2__crossing_hard_angle35_frac50_50__GT_params.json,QTI_MLP_16P_sub_min_case_m_ENSAVG_18,0.8262503147125244,0.6433597707218519,0.1828905439906725,0.28427413760295334,0.5625684261322021,0.5222305515324103,0.04033787459979188,0.07724150661302553,0.8751884698867798,0.9273044275941997,0.052115957707419946,0.05620156246053249,0.4238263666629791,0.3171610769222741,0.10666528974070505,0.3363126735961644,-0.010248707607388496,0.004632038900467224,0.01488074650785572,3.212569415844534
crossing_hard_angle35_frac60_40,C:\SynQTI-IR\data\Results_2_MLP\packed_crossings_conserved_2\crossing_hard_angle35_frac60_40,C:\SynQTI-IR\data\Results_2_MLP\packed_crossings_conserved_2\crossing_hard_angle35_frac60_40\packed_crossings_conserved_2__crossing_hard_angle35_frac60_40_exact.nii,C:\SynQTI-IR\data\Results_2_MLP\packed_crossings_conserved_2\crossing_hard_angle35_frac60_40\packed_crossings_conserved_2__crossing_hard_angle35_frac60_40__GT_params.json,QTI_MLP_16P_sub_min_case_m_ENSAVG_18,0.8255460858345032,0.6427560493585873,0.18279003647591585,0.28438477810989016,0.5499788522720337,0.5136208311722764,0.036358021099757276,0.07078766843763672,0.8754047155380249,0.9292056355240612,0.05380091998603631,0.05789990711327888,0.40537989139556885,0.3055354370467279,0.09984445434884093,0.3267851850953844,-0.011325429193675518,0.004268540385024207,0.015593969578699726,3.653232292180377
crossing_hard_angle35_frac70_30,C:\SynQTI-IR\data\Results_2_MLP\packed_crossings_conserved_2\crossing_hard_angle35_frac70_30,C:\SynQTI-IR\data\Results_2_MLP\packed_crossings_conserved_2\crossing_hard_angle35_frac70_30\packed_crossings_conserved_2__crossing_hard_angle35_frac70_30_exact.nii,C:\SynQTI-IR\data\Results_2_MLP\packed_crossings_conserved_2\crossing_hard_angle35_frac70_30\packed_crossings_conserved_2__crossing_hard_angle35_frac70_30__GT_params.json,QTI_MLP_16P_sub_min_case_m_ENSAVG_18,0.8274397850036621,0.6438527190690636,0.1835870659345985,0.2851382940492338,0.5409727096557617,0.5083742630163371,0.03259844663942457,0.06412292873747007,0.8732547760009766,0.9295000073014865,0.05624523130050996,0.06051127580271886,0.39498627185821533,0.29913574829352724,0.0958505235646881,0.3204248375901708,-0.012572010979056358,0.004414721920082591,0.016986732899138948,3.8477469708835956
crossing_hard_angle45_frac50_50,C:\SynQTI-IR\data\Results_2_MLP\packed_crossings_conserved_2\crossing_hard_angle45_frac50_50,C:\SynQTI-IR\data\Results_2_MLP\packed_crossings_conserved_2\crossing_hard_angle45_frac50_50\packed_crossings_conserved_2__crossing_hard_angle45_frac50_50_exact.nii,C:\SynQTI-IR\data\Results_2_MLP\packed_crossings_conserved_2\crossing_hard_angle45_frac50_50\packed_crossings_conserved_2__crossing_hard_angle45_frac50_50__GT_params.json,QTI_MLP_16P_sub_min_case_m_ENSAVG_18,0.8205267190933228,0.6452938757738813,0.17523284331944144,0.27155510054859655,0.50291907787323,0.46532420920152084,0.037594868671709136,0.08079284921826817,0.8625795841217041,0.925710366222794,0.06313078210108991,0.0681971212644148,0.351775586605072,0.2526742828972903,0.0991013037077817,0.3922096960998331,-0.01378027256578207,0.004438093427657098,0.018218365993439168,4.1049983030555035
crossing_hard_angle45_frac60_40,C:\SynQTI-IR\data\Results_2_MLP\packed_crossings_conserved_2\crossing_hard_angle45_frac60_40,C:\SynQTI-IR\data\Results_2_MLP\packed_crossings_conserved_2\crossing_hard_angle45_frac60_40\packed_crossings_conserved_2__crossing_hard_angle45_frac60_40_exact.nii,C:\SynQTI-IR\data\Results_2_MLP\packed_crossings_conserved_2\crossing_hard_angle45_frac60_40\packed_crossings_conserved_2__crossing_hard_angle45_frac60_40__GT_params.json,QTI_MLP_16P_sub_min_case_m_ENSAVG_18,0.819438099861145,0.6423309152560879,0.17710718460505714,0.2757257675106162,0.5082962512969971,0.4710938895341738,0.037202361762823266,0.07897016409941268,0.8666341304779053,0.929175485110974,0.06254135463306876,0.06730844241497823,0.3560347259044647,0.2570510937347825,0.0989836321696822,0.3850737638620026,-0.014209608547389507,0.004432070785602961,0.018641679332992468,4.206087905757641
crossing_hard_angle45_frac70_30,C:\SynQTI-IR\data\Results_2_MLP\packed_crossings_conserved_2\crossing_hard_angle45_frac70_30,C:\SynQTI-IR\data\Results_2_MLP\packed_crossings_conserved_2\crossing_hard_angle45_frac70_30\packed_crossings_conserved_2__crossing_hard_angle45_frac70_30_exact.nii,C:\SynQTI-IR\data\Results_2_MLP\packed_crossings_conserved_2\crossing_hard_angle45_frac70_30\packed_crossings_conserved_2__crossing_hard_angle45_frac70_30__GT_params.json,QTI_MLP_16P_sub_min_case_m_ENSAVG_18,0.8331676125526428,0.6439982756400857,0.1891693369125571,0.29374199290245506,0.5809296369552612,0.5435998909125044,0.03732974604275685,0.06867136411676841,0.8825949430465698,0.9298506925729921,0.04725574952642231,0.05082079295506033,0.44375699758529663,0.3417686980995893,0.10198829948570731,0.2984132252383457,-0.010512505657970905,0.004205670565299654,0.01471817622327056,3.499602736649984
crossing_medium_angle45_frac50_50,C:\SynQTI-IR\data\Results_2_MLP\packed_crossings_conserved_2\crossing_medium_angle45_frac50_50,C:\SynQTI-IR\data\Results_2_MLP\packed_crossings_conserved_2\crossing_medium_angle45_frac50_50\packed_crossings_conserved_2__crossing_medium_angle45_frac50_50_exact.nii,C:\SynQTI-IR\data\Results_2_MLP\packed_crossings_conserved_2\crossing_medium_angle45_frac50_50\packed_crossings_conserved_2__crossing_medium_angle45_frac50_50__GT_params.json,QTI_MLP_16P_sub_min_case_m_ENSAVG_18,0.8180177211761475,0.6449582852780033,0.1730594358981442,0.2683265566908412,0.4941822588443756,0.45738623820621843,0.03679602063815718,0.08044846469885868,0.8626925945281982,0.9285068298605242,0.065814235332326,0.07088179991324502,0.3401492238044739,0.24265876425678348,0.0974904595476904,0.4017594824810178,-0.01446316298097372,0.004397506985899285,0.018860669966873005,4.288945992140834
crossing_medium_angle45_frac60_40,C:\SynQTI-IR\data\Results_2_MLP\packed_crossings_conserved_2\crossing_medium_angle45_frac60_40,C:\SynQTI-IR\data\Results_2_MLP\packed_crossings_conserved_2\crossing_medium_angle45_frac60_40\packed_crossings_conserved_2__crossing_medium_angle45_frac60_40_exact.nii,C:\SynQTI-IR\data\Results_2_MLP\packed_crossings_conserved_2\crossing_medium_angle45_frac60_40\packed_crossings_conserved_2__crossing_medium_angle45_frac60_40__GT_params.json,QTI_MLP_16P_sub_min_case_m_ENSAVG_18,0.8228082060813904,0.6438665070951869,0.1789416989862035,0.2779173897291593,0.5284202694892883,0.49189192703450885,0.03652834245477948,0.07426091067386549,0.8719998598098755,0.9301866161653071,0.05818675635543158,0.06255385246806049,0.37854838371276855,0.2796399507682697,0.09890843294449886,0.35369922170422635,-0.012729818001389503,0.004241885974170322,0.016971703975559825,4.000980713508776
crossing_medium_angle45_frac70_30,C:\SynQTI-IR\data\Results_2_MLP\packed_crossings_conserved_2\crossing_medium_angle45_frac70_30,C:\SynQTI-IR\data\Results_2_MLP\packed_crossings_conserved_2\crossing_medium_angle45_frac70_30\packed_crossings_conserved_2__crossing_medium_angle45_frac70_30_exact.nii,C:\SynQTI-IR\data\Results_2_MLP\packed_crossings_conserved_2\crossing_medium_angle45_frac70_30\packed_crossings_conserved_2__crossing_medium_angle45_frac70_30__GT_params.json,QTI_MLP_16P_sub_min_case_m_ENSAVG_18,0.8278003334999084,0.6439740146993213,0.1838263188005872,0.285456112520522,0.5442240834236145,0.5074594670024611,0.03676461642115336,0.07244838023861837,0.8742877840995789,0.9290582593694653,0.05477047526988643,0.05895268108051608,0.39828401803970337,0.2983436651986672,0.0999403528410362,0.3349839949648366,-0.011630243621766567,0.003990054691791048,0.015620298313557615,3.914808070621006
crossing_medium_angle55_frac50_50,C:\SynQTI-IR\data\Results_2_MLP\packed_crossings_conserved_2\crossing_medium_angle55_frac50_50,C:\SynQTI-IR\data\Results_2_MLP\packed_crossings_conserved_2\crossing_medium_angle55_frac50_50\packed_crossings_conserved_2__crossing_medium_angle55_frac50_50_exact.nii,C:\SynQTI-IR\data\Results_2_MLP\packed_crossings_conserved_2\crossing_medium_angle55_frac50_50\packed_crossings_conserved_2__crossing_medium_angle55_frac50_50__GT_params.json,QTI_MLP_16P_sub_min_case_m_ENSAVG_18,0.8185954689979553,0.6456035329583099,0.17299193603964547,0.26795382492206493,0.4711087644100189,0.43630841102561707,0.03480035338440185,0.07976090422487604,0.8600046038627625,0.9282428709327608,0.06823826706999836,0.07351337587042758,0.3117203414440155,0.22093469700829677,0.09078564443571874,0.4109161922715043,-0.01665254309773445,0.004340901262848164,0.020993444360582616,4.8361948555291825
crossing_medium_angle55_frac60_40,C:\SynQTI-IR\data\Results_2_MLP\packed_crossings_conserved_2\crossing_medium_angle55_frac60_40,C:\SynQTI-IR\data\Results_2_MLP\packed_crossings_conserved_2\crossing_medium_angle55_frac60_40\packed_crossings_conserved_2__crossing_medium_angle55_frac60_40_exact.nii,C:\SynQTI-IR\data\Results_2_MLP\packed_crossings_conserved_2\crossing_medium_angle55_frac60_40\packed_crossings_conserved_2__crossing_medium_angle55_frac60_40__GT_params.json,QTI_MLP_16P_sub_min_case_m_ENSAVG_18,0.8170230984687805,0.6438179891814634,0.17320510928731714,0.2690280672449949,0.4812360405921936,0.4468181570171652,0.034417883575028396,0.07702883831918485,0.8616484999656677,0.9292148293072456,0.06756632934157791,0.0727133567077031,0.32342296838760376,0.2312221108889755,0.09220085749862825,0.39875450121853184,-0.015118343755602837,0.004299676464100376,0.01941802021970321,4.516158454552439
crossing_medium_angle55_frac70_30,C:\SynQTI-IR\data\Results_2_MLP\packed_crossings_conserved_2\crossing_medium_angle55_frac70_30,C:\SynQTI-IR\data\Results_2_MLP\packed_crossings_conserved_2\crossing_medium_angle55_frac70_30\packed_crossings_conserved_2__crossing_medium_angle55_frac70_30_exact.nii,C:\SynQTI-IR\data\Results_2_MLP\packed_crossings_conserved_2\crossing_medium_angle55_frac70_30\packed_crossings_conserved_2__crossing_medium_angle55_frac70_30__GT_params.json,QTI_MLP_16P_sub_min_case_m_ENSAVG_18,0.8244866728782654,0.643290809384706,0.18119586349355943,0.2816702195179623,0.5158765316009521,0.48744935281242413,0.028427178788528018,0.05831822039449664,0.8708970546722412,0.9292634849941689,0.058366430321927676,0.06280934445867214,0.36233535408973694,0.27515743484240446,0.08717791924733248,0.31682923376919303,-0.013652052730321884,0.004330742616566581,0.017982795346888465,4.152358367811036
crossing_medium_angle65_frac50_50,C:\SynQTI-IR\data\Results_2_MLP\packed_crossings_conserved_2\crossing_medium_angle65_frac50_50,C:\SynQTI-IR\data\Results_2_MLP\packed_crossings_conserved_2\crossing_medium_angle65_frac50_50\packed_crossings_conserved_2__crossing_medium_angle65_frac50_50_exact.nii,C:\SynQTI-IR\data\Results_2_MLP\packed_crossings_conserved_2\crossing_medium_angle65_frac50_50\packed_crossings_conserved_2__crossing_medium_angle65_frac50_50__GT_params.json,QTI_MLP_16P_sub_min_case_m_ENSAVG_18,0.8105971813201904,0.6433838561507716,0.16721332516941878,0.25989667532157323,0.4127517342567444,0.3803279057922944,0.032423828464449966,0.08525229932002963,0.853472888469696,0.9282517546898565,0.0747788662201605,0.08055882021474307,0.24736769497394562,0.167874536430951,0.07949315854299463,0.47352719615829103,-0.019584668800234795,0.004282717557436484,0.02386738635767128,5.572953628626558
crossing_medium_angle65_frac60_40,C:\SynQTI-IR\data\Results_2_MLP\packed_crossings_conserved_2\crossing_medium_angle65_frac60_40,C:\SynQTI-IR\data\Results_2_MLP\packed_crossings_conserved_2\crossing_medium_angle65_frac60_40\packed_crossings_conserved_2__crossing_medium_angle65_frac60_40_exact.nii,C:\SynQTI-IR\data\Results_2_MLP\packed_crossings_conserved_2\crossing_medium_angle65_frac60_40\packed_crossings_conserved_2__crossing_medium_angle65_frac60_40__GT_params.json,QTI_MLP_16P_sub_min_case_m_ENSAVG_18,0.8117364048957825,0.6430395149323784,0.16869688996340404,0.262342960340286,0.43219324946403503,0.4055201919577543,0.02667305750628074,0.06577491832760247,0.8528435230255127,0.9287526920218724,0.07590916899635969,0.08173238112615912,0.2687205970287323,0.19064472642490005,0.07807587060383225,0.409535957629433,-0.017276998609304428,0.004455137751748404,0.021732136361052833,4.877994254531441
crossing_medium_angle65_frac70_30,C:\SynQTI-IR\data\Results_2_MLP\packed_crossings_conserved_2\crossing_medium_angle65_frac70_30,C:\SynQTI-IR\data\Results_2_MLP\packed_crossings_conserved_2\crossing_medium_angle65_frac70_30\packed_crossings_conserved_2__crossing_medium_angle65_frac70_30_exact.nii,C:\SynQTI-IR\data\Results_2_MLP\packed_crossings_conserved_2\crossing_medium_angle65_frac70_30\packed_crossings_conserved_2__crossing_medium_angle65_frac70_30__GT_params.json,QTI_MLP_16P_sub_min_case_m_ENSAVG_18,0.8162963390350342,0.6423076847800367,0.17398865425499743,0.2708805427328965,0.4652942419052124,0.4365254515265774,0.028768790378635,0.06590403899236913,0.8596416115760803,0.9292650166100461,0.0696234050339658,0.07492308845099614,0.3037819564342499,0.2206683078407963,0.08311364859345358,0.3766451531093456,-0.015936920419335365,0.0044369941657759655,0.02037391458511133,4.591828120413226
partial_volume_triplet_transition,C:\SynQTI-IR\data\Results_2_MLP\partial_volume_triplet\partial_volume_triplet_transition,C:\SynQTI-IR\data\Results_2_MLP\partial_volume_triplet\partial_volume_triplet_transition\partial_volume_triplet__partial_volume_triplet_transition_exact.nii,C:\SynQTI-IR\data\Results_2_MLP\partial_volume_triplet\partial_volume_triplet_transition\partial_volume_triplet__partial_volume_triplet_transition__GT_params.json,QTI_MLP_16P_sub_min_case_m_ENSAVG_18,1.0597901344299316,1.05812295254672,0.001667181883211688,0.0015756031746570589,0.5466375350952148,0.3915719637619723,0.15506557133324256,0.3960078495995372,0.7621414661407471,0.5249274010682073,0.23721406507253973,0.45189880465254095,0.5422247052192688,0.556448135288236,0.014223430068967202,0.02556110653794178,0.06026022881269455,0.3855080635009465,0.32524783468825197,0.8436862039504648
spheres_csf_1500,C:\SynQTI-IR\data\Results_2_MLP\spheres_2\spheres_csf_1500,C:\SynQTI-IR\data\Results_2_MLP\spheres_2\spheres_csf_1500\spheres_2__spheres_csf_1500_exact.nii,C:\SynQTI-IR\data\Results_2_MLP\spheres_2\spheres_csf_1500\spheres_2__spheres_csf_1500__GT_params.json,QTI_MLP_16P_sub_min_case_m_ENSAVG_18,1.3700861930847168,1.3992155803144457,0.02912938722972891,0.02081836969193971,0.037616174668073654,0.0,0.037616174668073654,37616174668.073654,0.2248716950416565,0.0,0.2248716950416565,224871695041.6565,0.043633971363306046,,,,0.14691561460494995,0.17349053306097104,0.026574918456021085,0.1531779168983733
stick_1500,C:\SynQTI-IR\data\Results_2_MLP\sticks_2\stick_1500,C:\SynQTI-IR\data\Results_2_MLP\sticks_2\stick_1500\sticks_2__stick_1500_exact.nii,C:\SynQTI-IR\data\Results_2_MLP\sticks_2\stick_1500\sticks_2__stick_1500__GT_params.json,QTI_MLP_16P_sub_min_case_m_ENSAVG_18,0.750029981136322,0.6333333333333333,0.11669664780298872,0.18425786495179652,0.06558091193437576,0.030268444270549744,0.03531246766382602,1.166642968070127,0.8474986553192139,0.9379366108168787,0.09043795549766487,0.0964222469350068,-0.012016667053103447,0.0010414375277374148,0.013058104580840862,12.53853853017169,-0.02809579111635685,4.501394433730554e-16,0.0280957911163573,28083149782.945843
